{"errors":[],"warnings":[],"namedChunkGroups":{"app":{"chunks":[8,7,2],"assets":["webpack-runtime-a66140132986322071a9.js","webpack-runtime-a66140132986322071a9.js.map","framework-5fc6169171e885c3b522.js","framework-5fc6169171e885c3b522.js.map","app-7072685448f9ff2903de.js","app-7072685448f9ff2903de.js.map"],"children":{},"childAssets":{}},"component---src-pages-404-js":{"chunks":[1,0,3],"assets":["styles.32b6892fa5e0f3649218.css","styles-c2fe8482057191dca484.js","styles-c2fe8482057191dca484.js.map","commons-51ff19234ff029855866.js","commons-51ff19234ff029855866.js.map","component---src-pages-404-js-a0e1bf2585597e102d25.js","component---src-pages-404-js-a0e1bf2585597e102d25.js.map"],"children":{},"childAssets":{}},"component---src-pages-about-js":{"chunks":[1,0,4],"assets":["styles.32b6892fa5e0f3649218.css","styles-c2fe8482057191dca484.js","styles-c2fe8482057191dca484.js.map","commons-51ff19234ff029855866.js","commons-51ff19234ff029855866.js.map","component---src-pages-about-js-e2876940142f6b43fd84.js","component---src-pages-about-js-e2876940142f6b43fd84.js.map"],"children":{},"childAssets":{}},"component---src-pages-index-js":{"chunks":[1,0,5],"assets":["styles.32b6892fa5e0f3649218.css","styles-c2fe8482057191dca484.js","styles-c2fe8482057191dca484.js.map","commons-51ff19234ff029855866.js","commons-51ff19234ff029855866.js.map","component---src-pages-index-js-776fbfc83c499e79415c.js","component---src-pages-index-js-776fbfc83c499e79415c.js.map"],"children":{},"childAssets":{}},"component---src-templates-blog-post-js":{"chunks":[1,0,6],"assets":["styles.32b6892fa5e0f3649218.css","styles-c2fe8482057191dca484.js","styles-c2fe8482057191dca484.js.map","commons-51ff19234ff029855866.js","commons-51ff19234ff029855866.js.map","component---src-templates-blog-post-js-91890874e33d69808810.js","component---src-templates-blog-post-js-91890874e33d69808810.js.map"],"children":{},"childAssets":{}}},"assetsByChunkName":{"app":["webpack-runtime-a66140132986322071a9.js","framework-5fc6169171e885c3b522.js","app-7072685448f9ff2903de.js"],"component---src-pages-404-js":["styles.32b6892fa5e0f3649218.css","styles-c2fe8482057191dca484.js","commons-51ff19234ff029855866.js","component---src-pages-404-js-a0e1bf2585597e102d25.js"],"component---src-pages-about-js":["styles.32b6892fa5e0f3649218.css","styles-c2fe8482057191dca484.js","commons-51ff19234ff029855866.js","component---src-pages-about-js-e2876940142f6b43fd84.js"],"component---src-pages-index-js":["styles.32b6892fa5e0f3649218.css","styles-c2fe8482057191dca484.js","commons-51ff19234ff029855866.js","component---src-pages-index-js-776fbfc83c499e79415c.js"],"component---src-templates-blog-post-js":["styles.32b6892fa5e0f3649218.css","styles-c2fe8482057191dca484.js","commons-51ff19234ff029855866.js","component---src-templates-blog-post-js-91890874e33d69808810.js"]}}